SAMPLE,RUN,ZONE,WAFER,THICKNESS
1,1,1,1,546
2,1,1,2,540
3,1,2,1,566
4,1,2,2,564
5,1,3,1,577
6,1,3,2,546
7,1,4,1,543
8,1,4,2,529
9,2,1,1,561
10,2,1,2,556
11,2,2,1,577
12,2,2,2,553
13,2,3,1,563
14,2,3,2,577
15,2,4,1,556
16,2,4,2,540
17,3,1,1,515
18,3,1,2,520
19,3,2,1,548
20,3,2,2,542
21,3,3,1,505
22,3,3,2,487
23,3,4,1,506
24,3,4,2,514
25,4,1,1,568
26,4,1,2,584
27,4,2,1,570
28,4,2,2,545
29,4,3,1,589
30,4,3,2,562
31,4,4,1,569
32,4,4,2,571
33,5,1,1,550
34,5,1,2,550
35,5,2,1,562
36,5,2,2,580
37,5,3,1,560
38,5,3,2,554
39,5,4,1,545
40,5,4,2,546
41,6,1,1,584
42,6,1,2,581
43,6,2,1,567
44,6,2,2,558
45,6,3,1,556
46,6,3,2,560
47,6,4,1,591
48,6,4,2,599
49,7,1,1,593
50,7,1,2,626
51,7,2,1,584
52,7,2,2,559
53,7,3,1,634
54,7,3,2,598
55,7,4,1,569
56,7,4,2,592
57,8,1,1,522
58,8,1,2,535
59,8,2,1,535
60,8,2,2,581
61,8,3,1,527
62,8,3,2,520
63,8,4,1,532
64,8,4,2,539
65,9,1,1,562
66,9,1,2,568
67,9,2,1,548
68,9,2,2,548
69,9,3,1,533
70,9,3,2,553
71,9,4,1,533
72,9,4,2,521
73,10,1,1,555
74,10,1,2,545
75,10,2,1,584
76,10,2,2,572
77,10,3,1,546
78,10,3,2,552
79,10,4,1,586
80,10,4,2,584
81,11,1,1,565
82,11,1,2,557
83,11,2,1,583
84,11,2,2,585
85,11,3,1,582
86,11,3,2,567
87,11,4,1,549
88,11,4,2,533
89,12,1,1,548
90,12,1,2,528
91,12,2,1,563
92,12,2,2,588
93,12,3,1,543
94,12,3,2,540
95,12,4,1,585
96,12,4,2,586
97,13,1,1,580
98,13,1,2,570
99,13,2,1,556
100,13,2,2,569
101,13,3,1,609
102,13,3,2,625
103,13,4,1,570
104,13,4,2,595
105,14,1,1,564
106,14,1,2,555
107,14,2,1,585
108,14,2,2,588
109,14,3,1,564
110,14,3,2,583
111,14,4,1,563
112,14,4,2,558
113,15,1,1,550
114,15,1,2,557
115,15,2,1,538
116,15,2,2,525
117,15,3,1,556
118,15,3,2,547
119,15,4,1,534
120,15,4,2,542
121,16,1,1,552
122,16,1,2,547
123,16,2,1,563
124,16,2,2,578
125,16,3,1,571
126,16,3,2,572
127,16,4,1,575
128,16,4,2,584
129,17,1,1,549
130,17,1,2,546
131,17,2,1,584
132,17,2,2,593
133,17,3,1,567
134,17,3,2,548
135,17,4,1,606
136,17,4,2,607
137,18,1,1,539
138,18,1,2,554
139,18,2,1,533
140,18,2,2,535
141,18,3,1,522
142,18,3,2,521
143,18,4,1,547
144,18,4,2,550
145,19,1,1,610
146,19,1,2,592
147,19,2,1,587
148,19,2,2,587
149,19,3,1,572
150,19,3,2,612
151,19,4,1,566
152,19,4,2,563
153,20,1,1,569
154,20,1,2,609
155,20,2,1,558
156,20,2,2,555
157,20,3,1,577
158,20,3,2,579
159,20,4,1,552
160,20,4,2,558
161,21,1,1,595
162,21,1,2,583
163,21,2,1,599
164,21,2,2,602
165,21,3,1,598
166,21,3,2,616
167,21,4,1,580
168,21,4,2,575
